Country,Year,GDP,,,,,,
Afghanistan,2010,1957,,,,,,
Afghanistan,2011,1905,,,,,,
Afghanistan,2012,2075,,,,,,
Afghanistan,2013,2116,,,,,,
Afghanistan,2014,2102,,,,,,
Afghanistan,2015,2068,,,,,,
Afghanistan,2016,2057,,,,,,
Afghanistan,2017,2058,,,,,,
Afghanistan,2018,2034,,,,,,
Afghanistan,2019,2065,,,,,,
Afghanistan,2020,1979,,,,,,
Albania,2010,10749,,,,,,
Albania,2011,11053,,,,,,
Albania,2012,11228,,,,,,
Albania,2013,11361,,,,,,
Albania,2014,11587,,,,,,
Albania,2015,11878,,,,,,
Albania,2016,12292,,,,,,
Albania,2017,12771,,,,,,
Albania,2018,13324,,,,,,
Albania,2019,13671,,,,,,
Albania,2020,13295,,,,,,
Algeria,2010,10971,,,,,,
Algeria,2011,11078,,,,,,
Algeria,2012,11234,,,,,,
Algeria,2013,11319,,,,,,
Algeria,2014,11513,,,,,,
Algeria,2015,11697,,,,,,
Algeria,2016,11826,,,,,,
Algeria,2017,11737,,,,,,
Algeria,2018,11642,,,,,,
Algeria,2019,11511,,,,,,
Algeria,2020,10682,,,,,,
Angola,2010,7692,,,,,,
Angola,2011,7675,,,,,,
Angola,2012,8037,,,,,,
Angola,2013,8141,,,,,,
Angola,2014,8240,,,,,,
Angola,2015,8036,,,,,,
Angola,2016,7569,,,,,,
Angola,2017,7311,,,,,,
Angola,2018,6933,,,,,,
Angola,2019,6670,,,,,,
Angola,2020,6198,,,,,,
Antigua and Barbuda,2010,18206,,,,,,
Antigua and Barbuda,2011,17605,,,,,,
Antigua and Barbuda,2012,17966,,,,,,
Antigua and Barbuda,2013,17643,,,,,,
Antigua and Barbuda,2014,18104,,,,,,
Antigua and Barbuda,2015,18594,,,,,,
Antigua and Barbuda,2016,19420,,,,,,
Antigua and Barbuda,2017,19840,,,,,,
Antigua and Barbuda,2018,21030,,,,,,
Antigua and Barbuda,2019,21549,,,,,,
Antigua and Barbuda,2020,17956,,,,,,
Argentina,2010,23521,,,,,,
Argentina,2011,24648,,,,,,
Argentina,2012,24119,,,,,,
Argentina,2013,24424,,,,,,
Argentina,2014,23550,,,,,,
Argentina,2015,23934,,,,,,
Argentina,2016,23190,,,,,,
Argentina,2017,23597,,,,,,
Argentina,2018,22759,,,,,,
Argentina,2019,22064,,,,,,
Argentina,2020,19687,,,,,,
Armenia,2010,9286,,,,,,
Armenia,2011,9725,,,,,,
Armenia,2012,10398,,,,,,
Armenia,2013,10691,,,,,,
Armenia,2014,11020,,,,,,
Armenia,2015,11321,,,,,,
Armenia,2016,11303,,,,,,
Armenia,2017,12115,,,,,,
Armenia,2018,12715,,,,,,
Armenia,2019,13654,,,,,,
Armenia,2020,12593,,,,,,
Aruba,2010,34343,,,,,,
Aruba,2011,35393,,,,,,
Aruba,2012,34732,,,,,,
Aruba,2013,35980,,,,,,
Aruba,2014,35876,,,,,,
Aruba,2015,37716,,,,,,
Aruba,2016,38315,,,,,,
Aruba,2017,38897,,,,,,
Australia,2010,44992,,,,,,
Australia,2011,45464,,,,,,
Australia,2012,46427,,,,,,
Australia,2013,46815,,,,,,
Australia,2014,47290,,,,,,
Australia,2015,47636,,,,,,
Australia,2016,48197,,,,,,
Australia,2017,48483,,,,,,
Australia,2018,49152,,,,,,
Australia,2019,49456,,,,,,
Australia,2020,48698,,,,,,
Austria,2010,51769,,,,,,
Austria,2011,53103,,,,,,
Austria,2012,53221,,,,,,
Austria,2013,52922,,,,,,
Austria,2014,52857,,,,,,
Austria,2015,52798,,,,,,
Austria,2016,53269,,,,,,
Austria,2017,54170,,,,,,
Austria,2018,55298,,,,,,
Austria,2019,55833,,,,,,
Austria,2020,51936,,,,,,
Azerbaijan,2010,14313,,,,,,
Azerbaijan,2011,13905,,,,,,
Azerbaijan,2012,14024,,,,,,
Azerbaijan,2013,14653,,,,,,
Azerbaijan,2014,14876,,,,,,
Azerbaijan,2015,14854,,,,,,
Azerbaijan,2016,14239,,,,,,
Azerbaijan,2017,14121,,,,,,
Azerbaijan,2018,14210,,,,,,
Azerbaijan,2019,14439,,,,,,
Azerbaijan,2020,13700,,,,,,
Bahamas,2010,36504,,,,,,
Bahamas,2011,36254,,,,,,
Bahamas,2012,36962,,,,,,
Bahamas,2013,35621,,,,,,
Bahamas,2014,35660,,,,,,
Bahamas,2015,35401,,,,,,
Bahamas,2016,35558,,,,,,
Bahamas,2017,36298,,,,,,
Bahamas,2018,37020,,,,,,
Bahamas,2019,37100,,,,,,
Bahamas,2020,30764,,,,,,
Bahrain,2010,44600,,,,,,
Bahrain,2011,44157,,,,,,
Bahrain,2012,45036,,,,,,
Bahrain,2013,46931,,,,,,
Bahrain,2014,48201,,,,,,
Bahrain,2015,48111,,,,,,
Bahrain,2016,47938,,,,,,
Bahrain,2017,47710,,,,,,
Bahrain,2018,46200,,,,,,
Bahrain,2019,45060,,,,,,
Bahrain,2020,40933,,,,,,
Bangladesh,2010,2883,,,,,,
Bangladesh,2011,3035,,,,,,
Bangladesh,2012,3196,,,,,,
Bangladesh,2013,3349,,,,,,
Bangladesh,2014,3512,,,,,,
Bangladesh,2015,3700,,,,,,
Bangladesh,2016,3920,,,,,,
Bangladesh,2017,4161,,,,,,
Bangladesh,2018,4441,,,,,,
Bangladesh,2019,4754,,,,,,
Bangladesh,2020,4818,,,,,,
Barbados,2010,15597,,,,,,
Barbados,2011,15445,,,,,,
Barbados,2012,15336,,,,,,
Barbados,2013,15088,,,,,,
Barbados,2014,15042,,,,,,
Barbados,2015,15383,,,,,,
Barbados,2016,15738,,,,,,
Barbados,2017,15789,,,,,,
Barbados,2018,15675,,,,,,
Barbados,2019,15639,,,,,,
Barbados,2020,12870,,,,,,
Belarus,2010,17288,,,,,,
Belarus,2011,18252,,,,,,
Belarus,2012,18577,,,,,,
Belarus,2013,18760,,,,,,
Belarus,2014,19067,,,,,,
Belarus,2015,18308,,,,,,
Belarus,2016,17823,,,,,,
Belarus,2017,18280,,,,,,
Belarus,2018,18885,,,,,,
Belarus,2019,19283,,,,,,
Belarus,2020,19148,,,,,,
Belgium,2010,47972,,,,,,
Belgium,2011,48154,,,,,,
Belgium,2012,48210,,,,,,
Belgium,2013,48204,,,,,,
Belgium,2014,48748,,,,,,
Belgium,2015,49455,,,,,,
Belgium,2016,49829,,,,,,
Belgium,2017,50442,,,,,,
Belgium,2018,51111,,,,,,
Belgium,2019,51743,,,,,,
Belgium,2020,48210,,,,,,
Belize,2010,7295,,,,,,
Belize,2011,7260,,,,,,
Belize,2012,7264,,,,,,
Belize,2013,7195,,,,,,
Belize,2014,7323,,,,,,
Belize,2015,7359,,,,,,
Belize,2016,7207,,,,,,
Belize,2017,7194,,,,,,
Belize,2018,7262,,,,,,
Belize,2019,7252,,,,,,
Belize,2020,6120,,,,,,
Benin,2010,2705,,,,,,
Benin,2011,2708,,,,,,
Benin,2012,2760,,,,,,
Benin,2013,2877,,,,,,
Benin,2014,2976,,,,,,
Benin,2015,2946,,,,,,
Benin,2016,2961,,,,,,
Benin,2017,3045,,,,,,
Benin,2018,3161,,,,,,
Benin,2019,3287,,,,,,
Benin,2020,3323,,,,,,
Bermuda,2010,88400,,,,,,
Bermuda,2011,85829,,,,,,
Bermuda,2012,80982,,,,,,
Bermuda,2013,80504,,,,,,
Bermuda,2014,77361,,,,,,
Bermuda,2015,77843,,,,,,
Bermuda,2016,78149,,,,,,
Bermuda,2017,81835,,,,,,
Bermuda,2018,81422,,,,,,
Bermuda,2019,81804,,,,,,
Bhutan,2010,8191,,,,,,
Bhutan,2011,8745,,,,,,
Bhutan,2012,9084,,,,,,
Bhutan,2013,9164,,,,,,
Bhutan,2014,9574,,,,,,
Bhutan,2015,10086,,,,,,
Bhutan,2016,10775,,,,,,
Bhutan,2017,11142,,,,,,
Bhutan,2018,11348,,,,,,
Bhutan,2019,11832,,,,,,
Bhutan,2020,10909,,,,,,
Bolivia,2010,6613,,,,,,
Bolivia,2011,6845,,,,,,
Bolivia,2012,7081,,,,,,
Bolivia,2013,7444,,,,,,
Bolivia,2014,7731,,,,,,
Bolivia,2015,7984,,,,,,
Bolivia,2016,8203,,,,,,
Bolivia,2017,8424,,,,,,
Bolivia,2018,8656,,,,,,
Bolivia,2019,8724,,,,,,
Bolivia,2020,7932,,,,,,
Bosnia and Herz.,2010,10938,,,,,,
Bosnia and Herz.,2011,11177,,,,,,
Bosnia and Herz.,2012,11258,,,,,,
Bosnia and Herz.,2013,11725,,,,,,
Bosnia and Herz.,2014,12067,,,,,,
Bosnia and Herz.,2015,12631,,,,,,
Bosnia and Herz.,2016,13194,,,,,,
Bosnia and Herz.,2017,13754,,,,,,
Bosnia and Herz.,2018,14387,,,,,,
Bosnia and Herz.,2019,14897,,,,,,
Bosnia and Herz.,2020,14340,,,,,,
Botswana,2010,14126,,,,,,
Botswana,2011,14770,,,,,,
Botswana,2012,15246,,,,,,
Botswana,2013,16786,,,,,,
Botswana,2014,17264,,,,,,
Botswana,2015,16714,,,,,,
Botswana,2016,17117,,,,,,
Botswana,2017,17254,,,,,,
Botswana,2018,17635,,,,,,
Botswana,2019,17777,,,,,,
Botswana,2020,16040,,,,,,
Brazil,2010,14873,,,,,,
Brazil,2011,15323,,,,,,
Brazil,2012,15479,,,,,,
Brazil,2013,15805,,,,,,
Brazil,2014,15750,,,,,,
Brazil,2015,15064,,,,,,
Brazil,2016,14451,,,,,,
Brazil,2017,14525,,,,,,
Brazil,2018,14668,,,,,,
Brazil,2019,14764,,,,,,
Brazil,2020,14064,,,,,,
Brunei,2010,67753,,,,,,
Brunei,2011,69389,,,,,,
Brunei,2012,69090,,,,,,
Brunei,2013,66716,,,,,,
Brunei,2014,64191,,,,,,
Brunei,2015,63147,,,,,,
Brunei,2016,60867,,,,,,
Brunei,2017,60995,,,,,,
Brunei,2018,60389,,,,,,
Brunei,2019,62098,,,,,,
Brunei,2020,62244,,,,,,
Bulgaria,2010,17441,,,,,,
Bulgaria,2011,17966,,,,,,
Bulgaria,2012,18135,,,,,,
Bulgaria,2013,18296,,,,,,
Bulgaria,2014,18747,,,,,,
Bulgaria,2015,19620,,,,,,
Bulgaria,2016,20513,,,,,,
Bulgaria,2017,21387,,,,,,
Bulgaria,2018,22208,,,,,,
Bulgaria,2019,23192,,,,,,
Bulgaria,2020,22384,,,,,,
Burkina Faso,2010,1716,,,,,,
Burkina Faso,2011,1776,,,,,,
Burkina Faso,2012,1835,,,,,,
Burkina Faso,2013,1884,,,,,,
Burkina Faso,2014,1908,,,,,,
Burkina Faso,2015,1925,,,,,,
Burkina Faso,2016,1981,,,,,,
Burkina Faso,2017,2044,,,,,,
Burkina Faso,2018,2120,,,,,,
Burkina Faso,2019,2178,,,,,,
Burkina Faso,2020,2161,,,,,,
Burundi,2010,846,,,,,,
Burundi,2011,853,,,,,,
Burundi,2012,863,,,,,,
Burundi,2013,877,,,,,,
Burundi,2014,886,,,,,,
Burundi,2015,825,,,,,,
Burundi,2016,795,,,,,,
Burundi,2017,774,,,,,,
Burundi,2018,762,,,,,,
Burundi,2019,752,,,,,,
Burundi,2020,731,,,,,,
Cambodia,2010,2717,,,,,,
Cambodia,2011,2863,,,,,,
Cambodia,2012,3023,,,,,,
Cambodia,2013,3192,,,,,,
Cambodia,2014,3364,,,,,,
Cambodia,2015,3546,,,,,,
Cambodia,2016,3734,,,,,,
Cambodia,2017,3928,,,,,,
Cambodia,2018,4159,,,,,,
Cambodia,2019,4389,,,,,,
Cambodia,2020,4192,,,,,,
Cameroon,2010,3086,,,,,,
Cameroon,2011,3127,,,,,,
Cameroon,2012,3181,,,,,,
Cameroon,2013,3263,,,,,,
Cameroon,2014,3363,,,,,,
Cameroon,2015,3459,,,,,,
Cameroon,2016,3524,,,,,,
Cameroon,2017,3555,,,,,,
Cameroon,2018,3604,,,,,,
Cameroon,2019,3642,,,,,,
Cameroon,2020,3576,,,,,,
Canada,2010,44862,,,,,,
Canada,2011,45823,,,,,,
Canada,2012,46127,,,,,,
Canada,2013,46705,,,,,,
Canada,2014,47565,,,,,,
Canada,2015,47522,,,,,,
Canada,2016,47458,,,,,,
Canada,2017,48317,,,,,,
Canada,2018,48797,,,,,,
Canada,2019,49007,,,,,,
Canada,2020,45857,,,,,,
Cape Verde,2010,6200,,,,,,
Cape Verde,2011,6366,,,,,,
Cape Verde,2012,6354,,,,,,
Cape Verde,2013,6323,,,,,,
Cape Verde,2014,6282,,,,,,
Cape Verde,2015,6267,,,,,,
Cape Verde,2016,6483,,,,,,
Cape Verde,2017,6643,,,,,,
Cape Verde,2018,6864,,,,,,
Cape Verde,2019,7172,,,,,,
Cape Verde,2020,6045,,,,,,
Cayman Islands,2010,66883,,,,,,
Cayman Islands,2011,66256,,,,,,
Cayman Islands,2012,65835,,,,,,
Cayman Islands,2013,65598,,,,,,
Cayman Islands,2014,66327,,,,,,
Cayman Islands,2015,67241,,,,,,
Cayman Islands,2016,68485,,,,,,
Cayman Islands,2017,69753,,,,,,
Cayman Islands,2018,71784,,,,,,
Cayman Islands,2019,73634,,,,,,
Central African Rep.,2010,1201,,,,,,
Central African Rep.,2011,1243,,,,,,
Central African Rep.,2012,1300,,,,,,
Central African Rep.,2013,825,,,,,,
Central African Rep.,2014,823,,,,,,
Central African Rep.,2015,853,,,,,,
Central African Rep.,2016,884,,,,,,
Central African Rep.,2017,913,,,,,,
Central African Rep.,2018,933,,,,,,
Central African Rep.,2019,945,,,,,,
Central African Rep.,2020,929,,,,,,
Chad,2010,1733,,,,,,
Chad,2011,1677,,,,,,
Chad,2012,1765,,,,,,
Chad,2013,1804,,,,,,
Chad,2014,1866,,,,,,
Chad,2015,1857,,,,,,
Chad,2016,1687,,,,,,
Chad,2017,1587,,,,,,
Chad,2018,1576,,,,,,
Chad,2019,1580,,,,,,
Chad,2020,1520,,,,,,
Chile,2010,21262,,,,,,
Chile,2011,22338,,,,,,
Chile,2012,23300,,,,,,
Chile,2013,24007,,,,,,
Chile,2014,24173,,,,,,
Chile,2015,24440,,,,,,
Chile,2016,24531,,,,,,
Chile,2017,24471,,,,,,
Chile,2018,25029,,,,,,
Chile,2019,24968,,,,,,
Chile,2020,23325,,,,,,
China,2010,8885,,,,,,
China,2011,9687,,,,,,
China,2012,10398,,,,,,
China,2013,11150,,,,,,
China,2014,11917,,,,,,
China,2015,12692,,,,,,
China,2016,13488,,,,,,
China,2017,14344,,,,,,
China,2018,15243,,,,,,
China,2019,16092,,,,,,
China,2020,16411,,,,,,
Colombia,2010,11783,,,,,,
Colombia,2011,12481,,,,,,
Colombia,2012,12853,,,,,,
Colombia,2013,13390,,,,,,
Colombia,2014,13852,,,,,,
Colombia,2015,14096,,,,,,
Colombia,2016,14195,,,,,,
Colombia,2017,14171,,,,,,
Colombia,2018,14315,,,,,,
Colombia,2019,14585,,,,,,
Colombia,2020,13441,,,,,,
Comoros,2010,2878,,,,,,
Comoros,2011,2925,,,,,,
Comoros,2012,2946,,,,,,
Comoros,2013,3006,,,,,,
Comoros,2014,2996,,,,,,
Comoros,2015,2959,,,,,,
Comoros,2016,2988,,,,,,
Comoros,2017,3032,,,,,,
Comoros,2018,3067,,,,,,
Comoros,2019,3059,,,,,,
Comoros,2020,3141,,,,,,
Congo,2010,5173,,,,,,
Congo,2011,5141,,,,,,
Congo,2012,5508,,,,,,
Congo,2013,5336,,,,,,
Congo,2014,5557,,,,,,
Congo,2015,5228,,,,,,
Congo,2016,4551,,,,,,
Congo,2017,4242,,,,,,
Congo,2018,3933,,,,,,
Congo,2019,3843,,,,,,
Congo,2020,3449,,,,,,
Costa Rica,2010,16830,,,,,,
Costa Rica,2011,17360,,,,,,
Costa Rica,2012,17995,,,,,,
Costa Rica,2013,18233,,,,,,
Costa Rica,2014,18669,,,,,,
Costa Rica,2015,19142,,,,,,
Costa Rica,2016,19737,,,,,,
Costa Rica,2017,20347,,,,,,
Costa Rica,2018,20560,,,,,,
Costa Rica,2019,20805,,,,,,
Costa Rica,2020,19679,,,,,,
C™te d'Ivoire,2010,3661,,,,,,
C™te d'Ivoire,2011,3418,,,,,,
C™te d'Ivoire,2012,3693,,,,,,
C™te d'Ivoire,2013,3923,,,,,,
C™te d'Ivoire,2014,4162,,,,,,
C™te d'Ivoire,2015,4417,,,,,,
C™te d'Ivoire,2016,4616,,,,,,
C™te d'Ivoire,2017,4831,,,,,,
C™te d'Ivoire,2018,5033,,,,,,
C™te d'Ivoire,2019,5213,,,,,,
C™te d'Ivoire,2020,5174,,,,,,
Croatia,2010,24281,,,,,,
Croatia,2011,24316,,,,,,
Croatia,2012,23807,,,,,,
Croatia,2013,23767,,,,,,
Croatia,2014,23783,,,,,,
Croatia,2015,24562,,,,,,
Croatia,2016,25600,,,,,,
Croatia,2017,26800,,,,,,
Croatia,2018,27800,,,,,,
Croatia,2019,28754,,,,,,
Croatia,2020,26465,,,,,,
Curacao,2010,28543,,,,,,
Curacao,2011,28313,,,,,,
Curacao,2012,28040,,,,,,
Curacao,2013,27504,,,,,,
Curacao,2014,26827,,,,,,
Curacao,2015,26549,,,,,,
Curacao,2016,26010,,,,,,
Curacao,2017,25475,,,,,,
Curacao,2018,25055,,,,,,
Curacao,2019,24494,,,,,,
Cyprus,2010,38379,,,,,,
Cyprus,2011,37562,,,,,,
Cyprus,2012,35719,,,,,,
Cyprus,2013,33456,,,,,,
Cyprus,2014,33208,,,,,,
Cyprus,2015,34472,,,,,,
Cyprus,2016,36524,,,,,,
Cyprus,2017,38051,,,,,,
Cyprus,2018,39559,,,,,,
Cyprus,2019,40227,,,,,,
Cyprus,2020,37655,,,,,,
Czechia,2010,33483,,,,,,
Czechia,2011,34002,,,,,,
Czechia,2012,33688,,,,,,
Czechia,2013,33661,,,,,,
Czechia,2014,34387,,,,,,
Czechia,2015,36168,,,,,,
Czechia,2016,37015,,,,,,
Czechia,2017,38825,,,,,,
Czechia,2018,39933,,,,,,
Czechia,2019,40696,,,,,,
Czechia,2020,38319,,,,,,
Dem. Rep. Congo,2010,866,,,,,,
Dem. Rep. Congo,2011,895,,,,,,
Dem. Rep. Congo,2012,927,,,,,,
Dem. Rep. Congo,2013,972,,,,,,
Dem. Rep. Congo,2014,1030,,,,,,
Dem. Rep. Congo,2015,1065,,,,,,
Dem. Rep. Congo,2016,1056,,,,,,
Dem. Rep. Congo,2017,1060,,,,,,
Dem. Rep. Congo,2018,1086,,,,,,
Dem. Rep. Congo,2019,1098,,,,,,
Dem. Rep. Congo,2020,1072,,,,,,
Denmark,2010,50825,,,,,,
Denmark,2011,51293,,,,,,
Denmark,2012,51216,,,,,,
Denmark,2013,51479,,,,,,
Denmark,2014,52048,,,,,,
Denmark,2015,52893,,,,,,
Denmark,2016,54185,,,,,,
Denmark,2017,55357,,,,,,
Denmark,2018,56281,,,,,,
Denmark,2019,57678,,,,,,
Denmark,2020,55938,,,,,,
Djibouti,2013,4028,,,,,,
Djibouti,2014,4239,,,,,,
Djibouti,2015,4489,,,,,,
Djibouti,2016,4710,,,,,,
Djibouti,2017,4885,,,,,,
Djibouti,2018,5214,,,,,,
Djibouti,2019,5535,,,,,,
Djibouti,2020,5481,,,,,,
Dominica,2010,12004,,,,,,
Dominica,2011,11971,,,,,,
Dominica,2012,11837,,,,,,
Dominica,2013,11708,,,,,,
Dominica,2014,12217,,,,,,
Dominica,2015,11874,,,,,,
Dominica,2016,12155,,,,,,
Dominica,2017,11304,,,,,,
Dominica,2018,11537,,,,,,
Dominica,2019,11906,,,,,,
Dominica,2020,9891,,,,,,
Dominican Rep.,2010,12782,,,,,,
Dominican Rep.,2011,13024,,,,,,
Dominican Rep.,2012,13220,,,,,,
Dominican Rep.,2013,13702,,,,,,
Dominican Rep.,2014,14500,,,,,,
Dominican Rep.,2015,15328,,,,,,
Dominican Rep.,2016,16167,,,,,,
Dominican Rep.,2017,16735,,,,,,
Dominican Rep.,2018,17712,,,,,,
Dominican Rep.,2019,18413,,,,,,
Dominican Rep.,2020,17003,,,,,,
Ecuador,2010,10341,,,,,,
Ecuador,2011,10984,,,,,,
Ecuador,2012,11431,,,,,,
Ecuador,2013,11819,,,,,,
Ecuador,2014,12078,,,,,,
Ecuador,2015,11896,,,,,,
Ecuador,2016,11552,,,,,,
Ecuador,2017,11618,,,,,,
Ecuador,2018,11562,,,,,,
Ecuador,2019,11371,,,,,,
Ecuador,2020,10329,,,,,,
Egypt,2010,10340,,,,,,
Egypt,2011,10302,,,,,,
Egypt,2012,10301,,,,,,
Egypt,2013,10290,,,,,,
Egypt,2014,10354,,,,,,
Egypt,2015,10570,,,,,,
Egypt,2016,10796,,,,,,
Egypt,2017,11014,,,,,,
Egypt,2018,11366,,,,,,
Egypt,2019,11763,,,,,,
Egypt,2020,11951,,,,,,
El Salvador,2010,7329,,,,,,
El Salvador,2011,7576,,,,,,
El Salvador,2012,7755,,,,,,
El Salvador,2013,7892,,,,,,
El Salvador,2014,7990,,,,,,
El Salvador,2015,8143,,,,,,
El Salvador,2016,8309,,,,,,
El Salvador,2017,8454,,,,,,
El Salvador,2018,8614,,,,,,
El Salvador,2019,8796,,,,,,
El Salvador,2020,8057,,,,,,
Estonia,2010,26133,,,,,,
Estonia,2011,28160,,,,,,
Estonia,2012,29140,,,,,,
Estonia,2013,29637,,,,,,
Estonia,2014,30603,,,,,,
Estonia,2015,31147,,,,,,
Estonia,2016,32130,,,,,,
Estonia,2017,33856,,,,,,
Estonia,2018,35208,,,,,,
Estonia,2019,36830,,,,,,
Estonia,2020,35638,,,,,,
eSwatini,2010,7459,,,,,,
eSwatini,2011,7576,,,,,,
eSwatini,2012,7930,,,,,,
eSwatini,2013,8179,,,,,,
eSwatini,2014,8193,,,,,,
eSwatini,2015,8305,,,,,,
eSwatini,2016,8321,,,,,,
eSwatini,2017,8408,,,,,,
eSwatini,2018,8521,,,,,,
eSwatini,2019,8622,,,,,,
eSwatini,2020,8393,,,,,,
Ethiopia,2010,1259,,,,,,
Ethiopia,2011,1361,,,,,,
Ethiopia,2012,1437,,,,,,
Ethiopia,2013,1545,,,,,,
Ethiopia,2014,1657,,,,,,
Ethiopia,2015,1779,,,,,,
Ethiopia,2016,1895,,,,,,
Ethiopia,2017,2022,,,,,,
Ethiopia,2018,2104,,,,,,
Ethiopia,2019,2221,,,,,,
Ethiopia,2020,2297,,,,,,
Fiji,2010,10548,,,,,,
Fiji,2011,10788,,,,,,
Fiji,2012,10919,,,,,,
Fiji,2013,11429,,,,,,
Fiji,2014,12058,,,,,,
Fiji,2015,12569,,,,,,
Fiji,2016,12821,,,,,,
Fiji,2017,13429,,,,,,
Fiji,2018,13846,,,,,,
Fiji,2019,13684,,,,,,
Fiji,2020,10997,,,,,,
Finland,2010,45875,,,,,,
Finland,2011,46826,,,,,,
Finland,2012,45952,,,,,,
Finland,2013,45329,,,,,,
Finland,2014,44977,,,,,,
Finland,2015,45073,,,,,,
Finland,2016,46207,,,,,,
Finland,2017,47570,,,,,,
Finland,2018,48130,,,,,,
Finland,2019,48689,,,,,,
Finland,2020,47261,,,,,,
France,2010,42148,,,,,,
France,2011,42864,,,,,,
France,2012,42791,,,,,,
France,2013,42816,,,,,,
France,2014,43021,,,,,,
France,2015,43346,,,,,,
France,2016,43705,,,,,,
France,2017,44577,,,,,,
France,2018,45252,,,,,,
France,2019,45834,,,,,,
France,2020,42026,,,,,,
Gabon,2010,14415,,,,,,
Gabon,2011,14883,,,,,,
Gabon,2012,15083,,,,,,
Gabon,2013,15342,,,,,,
Gabon,2014,15437,,,,,,
Gabon,2015,15510,,,,,,
Gabon,2016,15360,,,,,,
Gabon,2017,15007,,,,,,
Gabon,2018,14744,,,,,,
Gabon,2019,14950,,,,,,
Gabon,2020,14400,,,,,,
Gambia,2010,2347,,,,,,
Gambia,2011,2092,,,,,,
Gambia,2012,2136,,,,,,
Gambia,2013,2131,,,,,,
Gambia,2014,2039,,,,,,
Gambia,2015,2059,,,,,,
Gambia,2016,2037,,,,,,
Gambia,2017,2073,,,,,,
Gambia,2018,2158,,,,,,
Gambia,2019,2223,,,,,,
Gambia,2020,2159,,,,,,
Georgia,2010,9737,,,,,,
Georgia,2011,10541,,,,,,
Georgia,2012,11296,,,,,,
Georgia,2013,11740,,,,,,
Georgia,2014,12255,,,,,,
Georgia,2015,12605,,,,,,
Georgia,2016,12964,,,,,,
Georgia,2017,13590,,,,,,
Georgia,2018,14253,,,,,,
Georgia,2019,14989,,,,,,
Georgia,2020,14089,,,,,,
Germany,2010,46930,,,,,,
Germany,2011,49685,,,,,,
Germany,2012,49799,,,,,,
Germany,2013,49881,,,,,,
Germany,2014,50771,,,,,,
Germany,2015,51084,,,,,,
Germany,2016,51803,,,,,,
Germany,2017,52953,,,,,,
Germany,2018,53463,,,,,,
Germany,2019,53639,,,,,,
Germany,2020,50922,,,,,,
Ghana,2010,3729,,,,,,
Ghana,2011,4151,,,,,,
Ghana,2012,4431,,,,,,
Ghana,2013,4646,,,,,,
Ghana,2014,4670,,,,,,
Ghana,2015,4662,,,,,,
Ghana,2016,4713,,,,,,
Ghana,2017,4984,,,,,,
Ghana,2018,5178,,,,,,
Ghana,2019,5397,,,,,,
Ghana,2020,5305,,,,,,
Greece,2010,33754,,,,,,
Greece,2011,30373,,,,,,
Greece,2012,28375,,,,,,
Greece,2013,27798,,,,,,
Greece,2014,28179,,,,,,
Greece,2015,28248,,,,,,
Greece,2016,28227,,,,,,
Greece,2017,28645,,,,,,
Greece,2018,29151,,,,,,
Greece,2019,29723,,,,,,
Greece,2020,27287,,,,,,
Grenada,2010,13413,,,,,,
Grenada,2011,13445,,,,,,
Grenada,2012,13207,,,,,,
Grenada,2013,13428,,,,,,
Grenada,2014,14317,,,,,,
Grenada,2015,15142,,,,,,
Grenada,2016,15614,,,,,,
Grenada,2017,16217,,,,,,
Grenada,2018,16802,,,,,,
Grenada,2019,17050,,,,,,
Grenada,2020,15066,,,,,,
Guatemala,2010,7336,,,,,,
Guatemala,2011,7504,,,,,,
Guatemala,2012,7591,,,,,,
Guatemala,2013,7734,,,,,,
Guatemala,2014,7939,,,,,,
Guatemala,2015,8126,,,,,,
Guatemala,2016,8206,,,,,,
Guatemala,2017,8322,,,,,,
Guatemala,2018,8462,,,,,,
Guatemala,2019,8653,,,,,,
Guatemala,2020,8393,,,,,,
Guinea,2010,1871,,,,,,
Guinea,2011,1933,,,,,,
Guinea,2012,2002,,,,,,
Guinea,2013,2035,,,,,,
Guinea,2014,2062,,,,,,
Guinea,2015,2088,,,,,,
Guinea,2016,2253,,,,,,
Guinea,2017,2418,,,,,,
Guinea,2018,2500,,,,,,
Guinea,2019,2567,,,,,,
Guinea,2020,2671,,,,,,
Guinea-Bissau,2010,1747,,,,,,
Guinea-Bissau,2011,1840,,,,,,
Guinea-Bissau,2012,1761,,,,,,
Guinea-Bissau,2013,1770,,,,,,
Guinea-Bissau,2014,1741,,,,,,
Guinea-Bissau,2015,1800,,,,,,
Guinea-Bissau,2016,1864,,,,,,
Guinea-Bissau,2017,1925,,,,,,
Guinea-Bissau,2018,1902,,,,,,
Guinea-Bissau,2019,1939,,,,,,
Guinea-Bissau,2020,1847,,,,,,
Guyana,2010,9789,,,,,,
Guyana,2011,10276,,,,,,
Guyana,2012,10781,,,,,,
Guyana,2013,11118,,,,,,
Guyana,2014,11244,,,,,,
Guyana,2015,11262,,,,,,
Guyana,2016,11631,,,,,,
Guyana,2017,12005,,,,,,
Guyana,2018,12478,,,,,,
Guyana,2019,13082,,,,,,
Guyana,2020,18680,,,,,,
Haiti,2010,2735,,,,,,
Haiti,2011,2860,,,,,,
Haiti,2012,2834,,,,,,
Haiti,2013,2879,,,,,,
Haiti,2014,2935,,,,,,
Haiti,2015,2942,,,,,,
Haiti,2016,2953,,,,,,
Haiti,2017,2981,,,,,,
Haiti,2018,2992,,,,,,
Haiti,2019,2905,,,,,,
Haiti,2020,2773,,,,,,
Honduras,2010,4867,,,,,,
Honduras,2011,4956,,,,,,
Honduras,2012,5065,,,,,,
Honduras,2013,5113,,,,,,
Honduras,2014,5177,,,,,,
Honduras,2015,5283,,,,,,
Honduras,2016,5396,,,,,,
Honduras,2017,5562,,,,,,
Honduras,2018,5680,,,,,,
Honduras,2019,5736,,,,,,
Honduras,2020,5138,,,,,,
Hong Kong,2010,51361,,,,,,
Hong Kong,2011,53473,,,,,,
Hong Kong,2012,53785,,,,,,
Hong Kong,2013,55231,,,,,,
Hong Kong,2014,56359,,,,,,
Hong Kong,2015,57216,,,,,,
Hong Kong,2016,58096,,,,,,
Hong Kong,2017,59849,,,,,,
Hong Kong,2018,61063,,,,,,
Hong Kong,2019,59586,,,,,,
Hong Kong,2020,56154,,,,,,
Hungary,2010,24428,,,,,,
Hungary,2011,24971,,,,,,
Hungary,2012,24754,,,,,,
Hungary,2013,25284,,,,,,
Hungary,2014,26425,,,,,,
Hungary,2015,27499,,,,,,
Hungary,2016,28171,,,,,,
Hungary,2017,29465,,,,,,
Hungary,2018,31096,,,,,,
Hungary,2019,32554,,,,,,
Hungary,2020,31008,,,,,,
IBRD only,2010,9634,,,,,,
Iceland,2010,47458,,,,,,
Iceland,2011,48186,,,,,,
Iceland,2012,48440,,,,,,
Iceland,2013,50169,,,,,,
Iceland,2014,50451,,,,,,
Iceland,2015,52143,,,,,,
Iceland,2016,54666,,,,,,
Iceland,2017,55638,,,,,,
Iceland,2018,56722,,,,,,
Iceland,2019,56914,,,,,,
Iceland,2020,52280,,,,,,
India,2010,4235,,,,,,
India,2011,4400,,,,,,
India,2012,4583,,,,,,
India,2013,4819,,,,,,
India,2014,5117,,,,,,
India,2015,5464,,,,,,
India,2016,5851,,,,,,
India,2017,6183,,,,,,
India,2018,6519,,,,,,
India,2019,6714,,,,,,
India,2020,6118,,,,,,
Indonesia,2010,8287,,,,,,
Indonesia,2011,8680,,,,,,
Indonesia,2012,9080,,,,,,
Indonesia,2013,9457,,,,,,
Indonesia,2014,9801,,,,,,
Indonesia,2015,10150,,,,,,
Indonesia,2016,10531,,,,,,
Indonesia,2017,10936,,,,,,
Indonesia,2018,11372,,,,,,
Indonesia,2019,11812,,,,,,
Indonesia,2020,11445,,,,,,
Iran,2010,13806,,,,,,
Iran,2011,14005,,,,,,
Iran,2012,12807,,,,,,
Iran,2013,12625,,,,,,
Iran,2014,13039,,,,,,
Iran,2015,12698,,,,,,
Iran,2016,14205,,,,,,
Iran,2017,14536,,,,,,
Iran,2018,13472,,,,,,
Iran,2019,12389,,,,,,
Iran,2020,12433,,,,,,
Iraq,2010,8749,,,,,,
Iraq,2011,9108,,,,,,
Iraq,2012,9998,,,,,,
Iraq,2013,10349,,,,,,
Iraq,2014,9992,,,,,,
Iraq,2015,10122,,,,,,
Iraq,2016,11191,,,,,,
Iraq,2017,10719,,,,,,
Iraq,2018,10346,,,,,,
Iraq,2019,10565,,,,,,
Iraq,2020,9255,,,,,,
Ireland,2010,53725,,,,,,
Ireland,2011,53813,,,,,,
Ireland,2012,53654,,,,,,
Ireland,2013,54027,,,,,,
Ireland,2014,58267,,,,,,
Ireland,2015,72251,,,,,,
Ireland,2016,72864,,,,,,
Ireland,2017,78656,,,,,,
Ireland,2018,84303,,,,,,
Ireland,2019,87786,,,,,,
Ireland,2020,89689,,,,,,
Israel,2010,34800,,,,,,
Israel,2011,35744,,,,,,
Israel,2012,35943,,,,,,
Israel,2013,36760,,,,,,
Israel,2014,37475,,,,,,
Israel,2015,37555,,,,,,
Israel,2016,38235,,,,,,
Israel,2017,38834,,,,,,
Israel,2018,39418,,,,,,
Israel,2019,40007,,,,,,
Israel,2020,38341,,,,,,
Italy,2010,42664,,,,,,
Italy,2011,42892,,,,,,
Italy,2012,41502,,,,,,
Italy,2013,40268,,,,,,
Italy,2014,39899,,,,,,
Italy,2015,40248,,,,,,
Italy,2016,40838,,,,,,
Italy,2017,41581,,,,,,
Italy,2018,42053,,,,,,
Italy,2019,42663,,,,,,
Italy,2020,38992,,,,,,
Jamaica,2010,9436,,,,,,
Jamaica,2011,9546,,,,,,
Jamaica,2012,9434,,,,,,
Jamaica,2013,9428,,,,,,
Jamaica,2014,9438,,,,,,
Jamaica,2015,9473,,,,,,
Jamaica,2016,9553,,,,,,
Jamaica,2017,9600,,,,,,
Jamaica,2018,9735,,,,,,
Jamaica,2019,9777,,,,,,
Jamaica,2020,8742,,,,,,
Japan,2010,37586,,,,,,
Japan,2011,37612,,,,,,
Japan,2012,38236,,,,,,
Japan,2013,39057,,,,,,
Japan,2014,39255,,,,,,
Japan,2015,39778,,,,,,
Japan,2016,40031,,,,,,
Japan,2017,40967,,,,,,
Japan,2018,41182,,,,,,
Japan,2019,41380,,,,,,
Jordan,2010,11316,,,,,,
Jordan,2011,11016,,,,,,
Jordan,2012,10688,,,,,,
Jordan,2013,10415,,,,,,
Jordan,2014,10285,,,,,,
Jordan,2015,10146,,,,,,
Jordan,2016,10037,,,,,,
Jordan,2017,10004,,,,,,
Jordan,2018,10013,,,,,,
Jordan,2019,10071,,,,,,
Jordan,2020,9817,,,,,,
Kazakhstan,2010,20751,,,,,,
Kazakhstan,2011,21970,,,,,,
Kazakhstan,2012,22703,,,,,,
Kazakhstan,2013,23721,,,,,,
Kazakhstan,2014,24356,,,,,,
Kazakhstan,2015,24290,,,,,,
Kazakhstan,2016,24211,,,,,,
Kazakhstan,2017,24863,,,,,,
Kazakhstan,2018,25544,,,,,,
Kazakhstan,2019,26352,,,,,,
Kazakhstan,2020,25337,,,,,,
Kenya,2010,3330,,,,,,
Kenya,2011,3439,,,,,,
Kenya,2012,3502,,,,,,
Kenya,2013,3612,,,,,,
Kenya,2014,3709,,,,,,
Kenya,2015,3825,,,,,,
Kenya,2016,3953,,,,,,
Kenya,2017,4046,,,,,,
Kenya,2018,4204,,,,,,
Kenya,2019,4330,,,,,,
Kenya,2020,4220,,,,,,
Kiribati,2010,1923,,,,,,
Kiribati,2011,1920,,,,,,
Kiribati,2012,1980,,,,,,
Kiribati,2013,2034,,,,,,
Kiribati,2014,1992,,,,,,
Kiribati,2015,2169,,,,,,
Kiribati,2016,2248,,,,,,
Kiribati,2017,2236,,,,,,
Kiribati,2018,2254,,,,,,
Kiribati,2019,2270,,,,,,
Kiribati,2020,2292,,,,,,
Kosovo,2010,8372,,,,,,
Kosovo,2011,8664,,,,,,
Kosovo,2012,8828,,,,,,
Kosovo,2013,9076,,,,,,
Kosovo,2014,9214,,,,,,
Kosovo,2015,9724,,,,,,
Kosovo,2016,10180,,,,,,
Kosovo,2017,10530,,,,,,
Kosovo,2018,10895,,,,,,
Kosovo,2019,11486,,,,,,
Kosovo,2020,10776,,,,,,
Kuwait,2010,58810,,,,,,
Kuwait,2011,60888,,,,,,
Kuwait,2012,61417,,,,,,
Kuwait,2013,58995,,,,,,
Kuwait,2014,56647,,,,,,
Kuwait,2015,54834,,,,,,
Kuwait,2016,54709,,,,,,
Kuwait,2017,50856,,,,,,
Kuwait,2018,50479,,,,,,
Kuwait,2019,49854,,,,,,
Kyrgyzstan,2010,4141,,,,,,
Kyrgyzstan,2011,4335,,,,,,
Kyrgyzstan,2012,4259,,,,,,
Kyrgyzstan,2013,4631,,,,,,
Kyrgyzstan,2014,4722,,,,,,
Kyrgyzstan,2015,4805,,,,,,
Kyrgyzstan,2016,4912,,,,,,
Kyrgyzstan,2017,5047,,,,,,
Kyrgyzstan,2018,5133,,,,,,
Kyrgyzstan,2019,5258,,,,,,
Kyrgyzstan,2020,4707,,,,,,
Laos,2010,4850,,,,,,
Laos,2011,5159,,,,,,
Laos,2012,5489,,,,,,
Laos,2013,5842,,,,,,
Laos,2014,6193,,,,,,
Laos,2015,6544,,,,,,
Laos,2016,6896,,,,,,
Laos,2017,7258,,,,,,
Laos,2018,7593,,,,,,
Laos,2019,7887,,,,,,
Laos,2020,7806,,,,,,
Latvia,2010,21024,,,,,,
Latvia,2011,22795,,,,,,
Latvia,2012,24061,,,,,,
Latvia,2013,24882,,,,,,
Latvia,2014,25387,,,,,,
Latvia,2015,26621,,,,,,
Latvia,2016,27503,,,,,,
Latvia,2017,28650,,,,,,
Latvia,2018,30036,,,,,,
Latvia,2019,30859,,,,,,
Latvia,2020,29932,,,,,,
Lebanon,2010,19499,,,,,,
Lebanon,2011,18727,,,,,,
Lebanon,2012,18039,,,,,,
Lebanon,2013,17538,,,,,,
Lebanon,2014,16970,,,,,,
Lebanon,2015,16299,,,,,,
Lebanon,2016,16101,,,,,,
Lebanon,2017,15988,,,,,,
Lebanon,2018,15588,,,,,,
Lebanon,2019,14552,,,,,,
Lebanon,2020,11649,,,,,,
Lesotho,2010,2347,,,,,,
Lesotho,2011,2445,,,,,,
Lesotho,2012,2585,,,,,,
Lesotho,2013,2614,,,,,,
Lesotho,2014,2639,,,,,,
Lesotho,2015,2701,,,,,,
Lesotho,2016,2777,,,,,,
Lesotho,2017,2668,,,,,,
Lesotho,2018,2615,,,,,,
Lesotho,2019,2584,,,,,,
Lesotho,2020,2280,,,,,,
Liberia,2010,1420,,,,,,
Liberia,2011,1488,,,,,,
Liberia,2012,1561,,,,,,
Liberia,2013,1652,,,,,,
Liberia,2014,1621,,,,,,
Liberia,2015,1580,,,,,,
Liberia,2016,1516,,,,,,
Liberia,2017,1516,,,,,,
Liberia,2018,1497,,,,,,
Liberia,2019,1428,,,,,,
Liberia,2020,1354,,,,,,
Libya,2010,22540,,,,,,
Libya,2011,8480,,,,,,
Libya,2012,18807,,,,,,
Libya,2013,16160,,,,,,
Libya,2014,12201,,,,,,
Libya,2015,11022,,,,,,
Libya,2016,10592,,,,,,
Libya,2017,13238,,,,,,
Libya,2018,15018,,,,,,
Libya,2019,15174,,,,,,
Libya,2020,10282,,,,,,
Lithuania,2010,23943,,,,,,
Lithuania,2011,25969,,,,,,
Lithuania,2012,27331,,,,,,
Lithuania,2013,28589,,,,,,
Lithuania,2014,29856,,,,,,
Lithuania,2015,30748,,,,,,
Lithuania,2016,31926,,,,,,
Lithuania,2017,33762,,,,,,
Lithuania,2018,35427,,,,,,
Lithuania,2019,37063,,,,,,
Lithuania,2020,36732,,,,,,
Luxembourg,2010,107703,,,,,,
Luxembourg,2011,108011,,,,,,
Luxembourg,2012,105076,,,,,,
Luxembourg,2013,106427,,,,,,
Luxembourg,2014,108415,,,,,,
Luxembourg,2015,110446,,,,,,
Luxembourg,2016,113036,,,,,,
Luxembourg,2017,112308,,,,,,
Luxembourg,2018,113590,,,,,,
Luxembourg,2019,113940,,,,,,
Luxembourg,2020,110261,,,,,,
Macao,2010,118085,,,,,,
Macao,2011,140322,,,,,,
Macao,2012,149702,,,,,,
Macao,2013,161971,,,,,,
Macao,2014,155201,,,,,,
Macao,2015,119440,,,,,,
Macao,2016,116557,,,,,,
Macao,2017,126184,,,,,,
Macao,2018,132417,,,,,,
Macao,2019,127161,,,,,,
Macao,2020,54798,,,,,,
Madagascar,2010,1553,,,,,,
Madagascar,2011,1535,,,,,,
Madagascar,2012,1539,,,,,,
Madagascar,2013,1532,,,,,,
Madagascar,2014,1541,,,,,,
Madagascar,2015,1547,,,,,,
Madagascar,2016,1566,,,,,,
Madagascar,2017,1584,,,,,,
Madagascar,2018,1592,,,,,,
Madagascar,2019,1619,,,,,,
Madagascar,2020,1510,,,,,,
Malawi,2010,1351,,,,,,
Malawi,2011,1376,,,,,,
Malawi,2012,1363,,,,,,
Malawi,2013,1393,,,,,,
Malawi,2014,1432,,,,,,
Malawi,2015,1432,,,,,,
Malawi,2016,1428,,,,,,
Malawi,2017,1446,,,,,,
Malawi,2018,1471,,,,,,
Malawi,2019,1515,,,,,,
Malawi,2020,1487,,,,,,
Malaysia,2010,20536,,,,,,
Malaysia,2011,21289,,,,,,
Malaysia,2012,22132,,,,,,
Malaysia,2013,22856,,,,,,
Malaysia,2014,23906,,,,,,
Malaysia,2015,24788,,,,,,
Malaysia,2016,25542,,,,,,
Malaysia,2017,26662,,,,,,
Malaysia,2018,27558,,,,,,
Malaysia,2019,28364,,,,,,
Malaysia,2020,26435,,,,,,
Maldives,2010,16306,,,,,,
Maldives,2011,17016,,,,,,
Maldives,2012,16709,,,,,,
Maldives,2013,17134,,,,,,
Maldives,2014,17568,,,,,,
Maldives,2015,17285,,,,,,
Maldives,2016,17584,,,,,,
Maldives,2017,18059,,,,,,
Maldives,2018,18796,,,,,,
Maldives,2019,19531,,,,,,
Maldives,2020,13049,,,,,,
Mali,2010,2083,,,,,,
Mali,2011,2085,,,,,,
Mali,2012,2008,,,,,,
Mali,2013,1995,,,,,,
Mali,2014,2075,,,,,,
Mali,2015,2140,,,,,,
Mali,2016,2199,,,,,,
Mali,2017,2247,,,,,,
Mali,2018,2284,,,,,,
Mali,2019,2322,,,,,,
Mali,2020,2217,,,,,,
Malta,2010,32868,,,,,,
Malta,2011,32882,,,,,,
Malta,2012,33929,,,,,,
Malta,2013,35287,,,,,,
Malta,2014,37230,,,,,,
Malta,2015,39845,,,,,,
Malta,2016,40537,,,,,,
Malta,2017,42644,,,,,,
Malta,2018,43313,,,,,,
Malta,2019,43951,,,,,,
Malta,2020,39222,,,,,,
Marshall Islands,2010,3595,,,,,,
Marshall Islands,2011,3563,,,,,,
Marshall Islands,2012,3470,,,,,,
Marshall Islands,2013,3595,,,,,,
Marshall Islands,2014,3545,,,,,,
Marshall Islands,2015,3586,,,,,,
Marshall Islands,2016,3605,,,,,,
Marshall Islands,2017,3706,,,,,,
Marshall Islands,2018,3807,,,,,,
Marshall Islands,2019,4029,,,,,,
Mauritania,2010,4767,,,,,,
Mauritania,2011,4822,,,,,,
Mauritania,2012,4891,,,,,,
Mauritania,2013,4946,,,,,,
Mauritania,2014,5009,,,,,,
Mauritania,2015,5127,,,,,,
Mauritania,2016,5046,,,,,,
Mauritania,2017,5077,,,,,,
Mauritania,2018,5042,,,,,,
Mauritania,2019,5197,,,,,,
Mauritania,2020,4983,,,,,,
Mauritius,2010,16798,,,,,,
Mauritius,2011,17455,,,,,,
Mauritius,2012,18015,,,,,,
Mauritius,2013,18579,,,,,,
Mauritius,2014,19240,,,,,,
Mauritius,2015,19897,,,,,,
Mauritius,2016,20647,,,,,,
Mauritius,2017,21415,,,,,,
Mauritius,2018,22208,,,,,,
Mauritius,2019,22870,,,,,,
Mauritius,2020,19470,,,,,,
Mexico,2010,17790,,,,,,
Mexico,2011,18186,,,,,,
Mexico,2012,18595,,,,,,
Mexico,2013,18600,,,,,,
Mexico,2014,18888,,,,,,
Mexico,2015,19269,,,,,,
Mexico,2016,19539,,,,,,
Mexico,2017,19721,,,,,,
Mexico,2018,19928,,,,,,
Mexico,2019,19701,,,,,,
Mexico,2020,17888,,,,,,
Micronesia (country),2010,3660,,,,,,
Micronesia (country),2011,3757,,,,,,
Micronesia (country),2012,3649,,,,,,
Micronesia (country),2013,3468,,,,,,
Micronesia (country),2014,3340,,,,,,
Micronesia (country),2015,3448,,,,,,
Micronesia (country),2016,3437,,,,,,
Micronesia (country),2017,3490,,,,,,
Micronesia (country),2018,3461,,,,,,
Micronesia (country),2019,3466,,,,,,
Moldova,2010,8550,,,,,,
Moldova,2011,9053,,,,,,
Moldova,2012,9001,,,,,,
Moldova,2013,9817,,,,,,
Moldova,2014,10314,,,,,,
Moldova,2015,10361,,,,,,
Moldova,2016,10943,,,,,,
Moldova,2017,11651,,,,,,
Moldova,2018,12363,,,,,,
Moldova,2019,13022,,,,,,
Moldova,2020,12325,,,,,,
Mongolia,2010,7480,,,,,,
Mongolia,2011,8613,,,,,,
Mongolia,2012,9488,,,,,,
Mongolia,2013,10384,,,,,,
Mongolia,2014,10980,,,,,,
Mongolia,2015,11023,,,,,,
Mongolia,2016,10940,,,,,,
Mongolia,2017,11312,,,,,,
Mongolia,2018,11916,,,,,,
Mongolia,2019,12317,,,,,,
Mongolia,2020,11471,,,,,,
Montenegro,2010,16764,,,,,,
Montenegro,2011,17287,,,,,,
Montenegro,2012,16802,,,,,,
Montenegro,2013,17382,,,,,,
Montenegro,2014,17675,,,,,,
Montenegro,2015,18264,,,,,,
Montenegro,2016,18798,,,,,,
Montenegro,2017,19682,,,,,,
Montenegro,2018,20687,,,,,,
Montenegro,2019,21534,,,,,,
Montenegro,2020,18279,,,,,,
Morocco,2010,6281,,,,,,
Morocco,2011,6522,,,,,,
Morocco,2012,6625,,,,,,
Morocco,2013,6828,,,,,,
Morocco,2014,6912,,,,,,
Morocco,2015,7127,,,,,,
Morocco,2016,7106,,,,,,
Morocco,2017,7312,,,,,,
Morocco,2018,7447,,,,,,
Morocco,2019,7537,,,,,,
Morocco,2020,6916,,,,,,
Mozambique,2010,1027,,,,,,
Mozambique,2011,1073,,,,,,
Mozambique,2012,1120,,,,,,
Mozambique,2013,1165,,,,,,
Mozambique,2014,1217,,,,,,
Mozambique,2015,1263,,,,,,
Mozambique,2016,1274,,,,,,
Mozambique,2017,1284,,,,,,
Mozambique,2018,1290,,,,,,
Mozambique,2019,1282,,,,,,
Mozambique,2020,1229,,,,,,
Myanmar,2010,3130,,,,,,
Myanmar,2011,3280,,,,,,
Myanmar,2012,3491,,,,,,
Myanmar,2013,3753,,,,,,
Myanmar,2014,4020,,,,,,
Myanmar,2015,4269,,,,,,
Myanmar,2016,4483,,,,,,
Myanmar,2017,4740,,,,,,
Myanmar,2018,5029,,,,,,
Myanmar,2019,5083,,,,,,
Myanmar,2020,4544,,,,,,
Namibia,2010,9031,,,,,,
Namibia,2011,9325,,,,,,
Namibia,2012,9627,,,,,,
Namibia,2013,9991,,,,,,
Namibia,2014,10413,,,,,,
Namibia,2015,10663,,,,,,
Namibia,2016,10471,,,,,,
Namibia,2017,10171,,,,,,
Namibia,2018,10092,,,,,,
Namibia,2019,9845,,,,,,
Namibia,2020,8894,,,,,,
Nauru,2010,6689,,,,,,
Nauru,2011,7314,,,,,,
Nauru,2012,8091,,,,,,
Nauru,2013,10493,,,,,,
Nauru,2014,13176,,,,,,
Nauru,2015,13552,,,,,,
Nauru,2016,13902,,,,,,
Nauru,2017,12975,,,,,,
Nauru,2018,13636,,,,,,
Nauru,2019,13527,,,,,,
Nepal,2010,2703,,,,,,
Nepal,2011,2793,,,,,,
Nepal,2012,2923,,,,,,
Nepal,2013,3034,,,,,,
Nepal,2014,3217,,,,,,
Nepal,2015,3332,,,,,,
Nepal,2016,3316,,,,,,
Nepal,2017,3565,,,,,,
Nepal,2018,3774,,,,,,
Nepal,2019,3953,,,,,,
Nepal,2020,3800,,,,,,
Netherlands,2010,52033,,,,,,
Netherlands,2011,52594,,,,,,
Netherlands,2012,51860,,,,,,
Netherlands,2013,51640,,,,,,
Netherlands,2014,52187,,,,,,
Netherlands,2015,52974,,,,,,
Netherlands,2016,53848,,,,,,
Netherlands,2017,55089,,,,,,
Netherlands,2018,56061,,,,,,
Netherlands,2019,56629,,,,,,
Netherlands,2020,54210,,,,,,
New Zealand,2010,37657,,,,,,
New Zealand,2011,38214,,,,,,
New Zealand,2012,38857,,,,,,
New Zealand,2013,39599,,,,,,
New Zealand,2014,40432,,,,,,
New Zealand,2015,41086,,,,,,
New Zealand,2016,41672,,,,,,
New Zealand,2017,42285,,,,,,
New Zealand,2018,42866,,,,,,
New Zealand,2019,42878,,,,,,
New Zealand,2020,42404,,,,,,
Nicaragua,2010,4612,,,,,,
Nicaragua,2011,4838,,,,,,
Nicaragua,2012,5083,,,,,,
Nicaragua,2013,5263,,,,,,
Nicaragua,2014,5443,,,,,,
Nicaragua,2015,5630,,,,,,
Nicaragua,2016,5812,,,,,,
Nicaragua,2017,6004,,,,,,
Nicaragua,2018,5730,,,,,,
Nicaragua,2019,5452,,,,,,
Nicaragua,2020,5280,,,,,,
Niger,2010,1037,,,,,,
Niger,2011,1021,,,,,,
Niger,2012,1086,,,,,,
Niger,2013,1099,,,,,,
Niger,2014,1128,,,,,,
Niger,2015,1132,,,,,,
Niger,2016,1152,,,,,,
Niger,2017,1164,,,,,,
Niger,2018,1201,,,,,,
Niger,2019,1225,,,,,,
Niger,2020,1197,,,,,,
Nigeria,2010,4932,,,,,,
Nigeria,2011,5057,,,,,,
Nigeria,2012,5131,,,,,,
Nigeria,2013,5329,,,,,,
Nigeria,2014,5516,,,,,,
Nigeria,2015,5515,,,,,,
Nigeria,2016,5285,,,,,,
Nigeria,2017,5190,,,,,,
Nigeria,2018,5155,,,,,,
Nigeria,2019,5135,,,,,,
Nigeria,2020,4917,,,,,,
Macedonia,2010,13412,,,,,,
Macedonia,2011,13715,,,,,,
Macedonia,2012,13640,,,,,,
Macedonia,2013,14027,,,,,,
Macedonia,2014,14524,,,,,,
Macedonia,2015,15073,,,,,,
Macedonia,2016,15492,,,,,,
Macedonia,2017,15650,,,,,,
Macedonia,2018,16093,,,,,,
Macedonia,2019,16600,,,,,,
Macedonia,2020,15848,,,,,,
Norway,2010,61353,,,,,,
Norway,2011,61157,,,,,,
Norway,2012,61991,,,,,,
Norway,2013,61879,,,,,,
Norway,2014,62390,,,,,,
Norway,2015,62988,,,,,,
Norway,2016,63104,,,,,,
Norway,2017,64051,,,,,,
Norway,2018,64341,,,,,,
Norway,2019,64453,,,,,,
Norway,2020,63586,,,,,,
Oman,2010,33865,,,,,,
Oman,2011,32523,,,,,,
Oman,2012,32962,,,,,,
Oman,2013,32189,,,,,,
Oman,2014,30530,,,,,,
Oman,2015,30147,,,,,,
Oman,2016,30185,,,,,,
Oman,2017,29077,,,,,,
Oman,2018,28351,,,,,,
Oman,2019,27295,,,,,,
Pakistan,2010,3907,,,,,,
Pakistan,2011,3929,,,,,,
Pakistan,2012,3981,,,,,,
Pakistan,2013,4069,,,,,,
Pakistan,2014,4171,,,,,,
Pakistan,2015,4278,,,,,,
Pakistan,2016,4422,,,,,,
Pakistan,2017,4571,,,,,,
Pakistan,2018,4739,,,,,,
Pakistan,2019,4690,,,,,,
Pakistan,2020,4623,,,,,,
Palau,2010,15062,,,,,,
Palau,2011,16256,,,,,,
Palau,2012,16634,,,,,,
Palau,2013,16099,,,,,,
Palau,2014,17091,,,,,,
Palau,2015,18338,,,,,,
Palau,2016,18268,,,,,,
Palau,2017,17826,,,,,,
Palau,2018,18444,,,,,,
Palau,2019,17573,,,,,,
Palestine,2010,5411,,,,,,
Palestine,2011,5783,,,,,,
Palestine,2012,5986,,,,,,
Palestine,2013,6118,,,,,,
Palestine,2014,5967,,,,,,
Palestine,2015,6049,,,,,,
Palestine,2016,6439,,,,,,
Palestine,2017,6402,,,,,,
Palestine,2018,6318,,,,,,
Palestine,2019,6245,,,,,,
Palestine,2020,5394,,,,,,
Panama,2010,21343,,,,,,
Panama,2011,23349,,,,,,
Panama,2012,25196,,,,,,
Panama,2013,26481,,,,,,
Panama,2014,27353,,,,,,
Panama,2015,28431,,,,,,
Panama,2016,29332,,,,,,
Panama,2017,30447,,,,,,
Panama,2018,31013,,,,,,
Panama,2019,31432,,,,,,
Panama,2020,25382,,,,,,
Papua New Guinea,2010,3407,,,,,,
Papua New Guinea,2011,3370,,,,,,
Papua New Guinea,2012,3453,,,,,,
Papua New Guinea,2013,3513,,,,,,
Papua New Guinea,2014,3909,,,,,,
Papua New Guinea,2015,4084,,,,,,
Papua New Guinea,2016,4223,,,,,,
Papua New Guinea,2017,4286,,,,,,
Papua New Guinea,2018,4190,,,,,,
Papua New Guinea,2019,4350,,,,,,
Papua New Guinea,2020,4101,,,,,,
Paraguay,2010,10416,,,,,,
Paraguay,2011,10715,,,,,,
Paraguay,2012,10494,,,,,,
Paraguay,2013,11209,,,,,,
Paraguay,2014,11644,,,,,,
Paraguay,2015,11828,,,,,,
Paraguay,2016,12171,,,,,,
Paraguay,2017,12591,,,,,,
Paraguay,2018,12828,,,,,,
Paraguay,2019,12616,,,,,,
Paraguay,2020,12335,,,,,,
Peru,2010,10066,,,,,,
Peru,2011,10617,,,,,,
Peru,2012,11176,,,,,,
Peru,2013,11724,,,,,,
Peru,2014,11877,,,,,,
Peru,2015,12110,,,,,,
Peru,2016,12404,,,,,,
Peru,2017,12507,,,,,,
Peru,2018,12781,,,,,,
Peru,2019,12854,,,,,,
Peru,2020,11261,,,,,,
Philippines,2010,5918,,,,,,
Philippines,2011,6044,,,,,,
Philippines,2012,6351,,,,,,
Philippines,2013,6666,,,,,,
Philippines,2014,6974,,,,,,
Philippines,2015,7300,,,,,,
Philippines,2016,7705,,,,,,
Philippines,2017,8121,,,,,,
Philippines,2018,8516,,,,,,
Philippines,2019,8915,,,,,,
Philippines,2020,7954,,,,,,
Poland,2010,23996,,,,,,
Poland,2011,25124,,,,,,
Poland,2012,25457,,,,,,
Poland,2013,25759,,,,,,
Poland,2014,26650,,,,,,
Poland,2015,27797,,,,,,
Poland,2016,28683,,,,,,
Poland,2017,30065,,,,,,
Poland,2018,31674,,,,,,
Poland,2019,33121,,,,,,
Poland,2020,32238,,,,,,
Portugal,2010,31798,,,,,,
Portugal,2011,31305,,,,,,
Portugal,2012,30157,,,,,,
Portugal,2013,30043,,,,,,
Portugal,2014,30445,,,,,,
Portugal,2015,31119,,,,,,
Portugal,2016,31848,,,,,,
Portugal,2017,33045,,,,,,
Portugal,2018,34041,,,,,,
Portugal,2019,34880,,,,,,
Portugal,2020,32181,,,,,,
Puerto Rico,2010,32961,,,,,,
Puerto Rico,2011,33225,,,,,,
Puerto Rico,2012,33639,,,,,,
Puerto Rico,2013,33922,,,,,,
Puerto Rico,2014,34070,,,,,,
Puerto Rico,2015,34311,,,,,,
Puerto Rico,2016,34540,,,,,,
Puerto Rico,2017,34364,,,,,,
Puerto Rico,2018,34299,,,,,,
Puerto Rico,2019,34805,,,,,,
Puerto Rico,2020,33443,,,,,,
Qatar,2010,95908,,,,,,
Qatar,2011,99147,,,,,,
Qatar,2012,96261,,,,,,
Qatar,2013,95500,,,,,,
Qatar,2014,95578,,,,,,
Qatar,2015,95965,,,,,,
Qatar,2016,95602,,,,,,
Qatar,2017,91739,,,,,,
Qatar,2018,90970,,,,,,
Qatar,2019,90044,,,,,,
Qatar,2020,85266,,,,,,
Romania,2010,20303,,,,,,
Romania,2011,20792,,,,,,
Romania,2012,21311,,,,,,
Romania,2013,22197,,,,,,
Romania,2014,23084,,,,,,
Romania,2015,23878,,,,,,
Romania,2016,25145,,,,,,
Romania,2017,27142,,,,,,
Romania,2018,28523,,,,,,
Romania,2019,29858,,,,,,
Romania,2020,28833,,,,,,
Russia,2010,23961,,,,,,
Russia,2011,24972,,,,,,
Russia,2012,25933,,,,,,
Russia,2013,26332,,,,,,
Russia,2014,26057,,,,,,
Russia,2015,25488,,,,,,
Russia,2016,25491,,,,,,
Russia,2017,25926,,,,,,
Russia,2018,26656,,,,,,
Russia,2019,27211,,,,,,
Russia,2020,26456,,,,,,
Rwanda,2010,1507,,,,,,
Rwanda,2011,1587,,,,,,
Rwanda,2012,1682,,,,,,
Rwanda,2013,1719,,,,,,
Rwanda,2014,1780,,,,,,
Rwanda,2015,1889,,,,,,
Rwanda,2016,1951,,,,,,
Rwanda,2017,1975,,,,,,
Rwanda,2018,2089,,,,,,
Rwanda,2019,2228,,,,,,
Rwanda,2020,2099,,,,,,
Saint Kitts and Nevis,2010,23710,,,,,,
Saint Kitts and Nevis,2011,23933,,,,,,
Saint Kitts and Nevis,2012,23194,,,,,,
Saint Kitts and Nevis,2013,24226,,,,,,
Saint Kitts and Nevis,2014,25521,,,,,,
Saint Kitts and Nevis,2015,25569,,,,,,
Saint Kitts and Nevis,2016,26076,,,,,,
Saint Kitts and Nevis,2017,25360,,,,,,
Saint Kitts and Nevis,2018,25902,,,,,,
Saint Kitts and Nevis,2019,26236,,,,,,
Saint Kitts and Nevis,2020,23259,,,,,,
Saint Lucia,2010,14109,,,,,,
Saint Lucia,2011,14760,,,,,,
Saint Lucia,2012,14638,,,,,,
Saint Lucia,2013,14105,,,,,,
Saint Lucia,2014,14289,,,,,,
Saint Lucia,2015,14030,,,,,,
Saint Lucia,2016,14516,,,,,,
Saint Lucia,2017,14946,,,,,,
Saint Lucia,2018,15261,,,,,,
Saint Lucia,2019,15448,,,,,,
Saint Lucia,2020,12270,,,,,,
Saint Vincent and the Grenadines,2010,11447,,,,,,
Saint Vincent and the Grenadines,2011,11394,,,,,,
Saint Vincent and the Grenadines,2012,11538,,,,,,
Saint Vincent and the Grenadines,2013,11729,,,,,,
Saint Vincent and the Grenadines,2014,11845,,,,,,
Saint Vincent and the Grenadines,2015,11973,,,,,,
Saint Vincent and the Grenadines,2016,12164,,,,,,
Saint Vincent and the Grenadines,2017,12245,,,,,,
Saint Vincent and the Grenadines,2018,12466,,,,,,
Saint Vincent and the Grenadines,2019,12485,,,,,,
Saint Vincent and the Grenadines,2020,12105,,,,,,
Samoa,2010,6006,,,,,,
Samoa,2011,6206,,,,,,
Samoa,2012,5901,,,,,,
Samoa,2013,5827,,,,,,
Samoa,2014,5785,,,,,,
Samoa,2015,5992,,,,,,
Samoa,2016,6441,,,,,,
Samoa,2017,6481,,,,,,
Samoa,2018,6322,,,,,,
Samoa,2019,6517,,,,,,
Samoa,2020,6296,,,,,,
San Marino,2010,72038,,,,,,
San Marino,2011,65143,,,,,,
San Marino,2012,59709,,,,,,
San Marino,2013,58420,,,,,,
San Marino,2014,57328,,,,,,
San Marino,2015,58062,,,,,,
San Marino,2016,59010,,,,,,
San Marino,2017,58867,,,,,,
San Marino,2018,59576,,,,,,
San Marino,2019,60847,,,,,,
Sao Tome and Principe,2010,3357,,,,,,
Sao Tome and Principe,2011,3426,,,,,,
Sao Tome and Principe,2012,3461,,,,,,
Sao Tome and Principe,2013,3558,,,,,,
Sao Tome and Principe,2014,3721,,,,,,
Sao Tome and Principe,2015,3794,,,,,,
Sao Tome and Principe,2016,3879,,,,,,
Sao Tome and Principe,2017,3953,,,,,,
Sao Tome and Principe,2018,3993,,,,,,
Sao Tome and Principe,2019,4005,,,,,,
Sao Tome and Principe,2020,4052,,,,,,
Saudi Arabia,2010,44037,,,,,,
Saudi Arabia,2011,46989,,,,,,
Saudi Arabia,2012,48024,,,,,,
Saudi Arabia,2013,47848,,,,,,
Saudi Arabia,2014,48209,,,,,,
Saudi Arabia,2015,48921,,,,,,
Saudi Arabia,2016,48626,,,,,,
Saudi Arabia,2017,47306,,,,,,
Saudi Arabia,2018,47593,,,,,,
Saudi Arabia,2019,46962,,,,,,
Saudi Arabia,2020,44328,,,,,,
Senegal,2010,2797,,,,,,
Senegal,2011,2757,,,,,,
Senegal,2012,2789,,,,,,
Senegal,2013,2777,,,,,,
Senegal,2014,2868,,,,,,
Senegal,2015,2966,,,,,,
Senegal,2016,3068,,,,,,
Senegal,2017,3204,,,,,,
Senegal,2018,3309,,,,,,
Senegal,2019,3361,,,,,,
Senegal,2020,3300,,,,,,
Serbia,2010,14511,,,,,,
Serbia,2011,14924,,,,,,
Serbia,2012,14894,,,,,,
Serbia,2013,15400,,,,,,
Serbia,2014,15226,,,,,,
Serbia,2015,15578,,,,,,
Serbia,2016,16183,,,,,,
Serbia,2017,16611,,,,,,
Serbia,2018,17453,,,,,,
Serbia,2019,18292,,,,,,
Serbia,2020,18210,,,,,,
Seychelles,2010,20893,,,,,,
Seychelles,2011,23141,,,,,,
Seychelles,2012,23204,,,,,,
Seychelles,2013,24150,,,,,,
Seychelles,2014,24849,,,,,,
Seychelles,2015,25500,,,,,,
Seychelles,2016,26310,,,,,,
Seychelles,2017,27243,,,,,,
Seychelles,2018,27342,,,,,,
Seychelles,2019,27521,,,,,,
Seychelles,2020,24362,,,,,,
Sierra Leone,2010,1414,,,,,,
Sierra Leone,2011,1469,,,,,,
Sierra Leone,2012,1654,,,,,,
Sierra Leone,2013,1953,,,,,,
Sierra Leone,2014,1998,,,,,,
Sierra Leone,2015,1552,,,,,,
Sierra Leone,2016,1611,,,,,,
Sierra Leone,2017,1643,,,,,,
Sierra Leone,2018,1663,,,,,,
Sierra Leone,2019,1720,,,,,,
Sierra Leone,2020,1648,,,,,,
Singapore,2010,78294,,,,,,
Singapore,2011,81538,,,,,,
Singapore,2012,83112,,,,,,
Singapore,2013,85733,,,,,,
Singapore,2014,87959,,,,,,
Singapore,2015,89520,,,,,,
Singapore,2016,91308,,,,,,
Singapore,2017,95350,,,,,,
Singapore,2018,98223,,,,,,
Singapore,2019,98412,,,,,,
Singapore,2020,93397,,,,,,
Sint Maarten (Dutch part),2010,43544,,,,,,
Sint Maarten (Dutch part),2011,46393,,,,,,
Sint Maarten (Dutch part),2012,45402,,,,,,
Sint Maarten (Dutch part),2013,43524,,,,,,
Sint Maarten (Dutch part),2014,42947,,,,,,
Sint Maarten (Dutch part),2015,41852,,,,,,
Sint Maarten (Dutch part),2016,40858,,,,,,
Sint Maarten (Dutch part),2017,37914,,,,,,
Sint Maarten (Dutch part),2018,35342,,,,,,
Slovakia,2010,25418,,,,,,
Slovakia,2011,26108,,,,,,
Slovakia,2012,26558,,,,,,
Slovakia,2013,26706,,,,,,
Slovakia,2014,27385,,,,,,
Slovakia,2015,28676,,,,,,
Slovakia,2016,29250,,,,,,
Slovakia,2017,30078,,,,,,
Slovakia,2018,31133,,,,,,
Slovakia,2019,31871,,,,,,
Slovakia,2020,30330,,,,,,
Slovenia,2010,33356,,,,,,
Slovenia,2011,33573,,,,,,
Slovenia,2012,32619,,,,,,
Slovenia,2013,32239,,,,,,
Slovenia,2014,33099,,,,,,
Slovenia,2015,33805,,,,,,
Slovenia,2016,34859,,,,,,
Slovenia,2017,36506,,,,,,
Slovenia,2018,37968,,,,,,
Slovenia,2019,38906,,,,,,
Slovenia,2020,36548,,,,,,
Solomon Islands,2010,2440,,,,,,
Solomon Islands,2011,2551,,,,,,
Solomon Islands,2012,2531,,,,,,
Solomon Islands,2013,2594,,,,,,
Solomon Islands,2014,2551,,,,,,
Solomon Islands,2015,2519,,,,,,
Solomon Islands,2016,2597,,,,,,
Solomon Islands,2017,2664,,,,,,
Solomon Islands,2018,2698,,,,,,
Solomon Islands,2019,2661,,,,,,
Solomon Islands,2020,2483,,,,,,
Somalia,2013,877,,,,,,
Somalia,2014,873,,,,,,
Somalia,2015,879,,,,,,
Somalia,2016,880,,,,,,
Somalia,2017,867,,,,,,
Somalia,2018,867,,,,,,
Somalia,2019,867,,,,,,
Somalia,2020,830,,,,,,
South Africa,2010,12452,,,,,,
South Africa,2011,12667,,,,,,
South Africa,2012,12744,,,,,,
South Africa,2013,12853,,,,,,
South Africa,2014,12884,,,,,,
South Africa,2015,12840,,,,,,
South Africa,2016,12703,,,,,,
South Africa,2017,12701,,,,,,
South Africa,2018,12628,,,,,,
South Africa,2019,12482,,,,,,
South Africa,2020,11466,,,,,,
South Korea,2010,34394,,,,,,
South Korea,2011,35389,,,,,,
South Korea,2012,36049,,,,,,
South Korea,2013,37021,,,,,,
South Korea,2014,37967,,,,,,
South Korea,2015,38829,,,,,,
South Korea,2016,39815,,,,,,
South Korea,2017,40957,,,,,,
South Korea,2018,41948,,,,,,
South Korea,2019,42719,,,,,,
South Korea,2020,42251,,,,,,
Spain,2010,37319,,,,,,
Spain,2011,36884,,,,,,
Spain,2012,35769,,,,,,
Spain,2013,35372,,,,,,
Spain,2014,35969,,,,,,
Spain,2015,37377,,,,,,
Spain,2016,38478,,,,,,
Spain,2017,39529,,,,,,
Spain,2018,40313,,,,,,
Spain,2019,40806,,,,,,
Spain,2020,36215,,,,,,
Sri Lanka,2010,9127,,,,,,
Sri Lanka,2011,9828,,,,,,
Sri Lanka,2012,10712,,,,,,
Sri Lanka,2013,10990,,,,,,
Sri Lanka,2014,11428,,,,,,
Sri Lanka,2015,11891,,,,,,
Sri Lanka,2016,12287,,,,,,
Sri Lanka,2017,12584,,,,,,
Sri Lanka,2018,12860,,,,,,
Sri Lanka,2019,13070,,,,,,
Sri Lanka,2020,12537,,,,,,
Sudan,2010,3090,,,,,,
Sudan,2011,3380,,,,,,
Sudan,2012,3786,,,,,,
Sudan,2013,3947,,,,,,
Sudan,2014,4125,,,,,,
Sudan,2015,4188,,,,,,
Sudan,2016,4235,,,,,,
Sudan,2017,4328,,,,,,
Sudan,2018,4345,,,,,,
Sudan,2019,4186,,,,,,
Sudan,2020,4023,,,,,,
Suriname,2010,18840,,,,,,
Suriname,2011,19717,,,,,,
Suriname,2012,20020,,,,,,
Suriname,2013,20380,,,,,,
Suriname,2014,20211,,,,,,
Suriname,2015,19317,,,,,,
Suriname,2016,18181,,,,,,
Suriname,2017,18284,,,,,,
Suriname,2018,19006,,,,,,
Suriname,2019,19037,,,,,,
Suriname,2020,16130,,,,,,
Sweden,2010,47791,,,,,,
Sweden,2011,48947,,,,,,
Sweden,2012,48301,,,,,,
Sweden,2013,48462,,,,,,
Sweden,2014,49259,,,,,,
Sweden,2015,50929,,,,,,
Sweden,2016,51334,,,,,,
Sweden,2017,51948,,,,,,
Sweden,2018,52349,,,,,,
Sweden,2019,52531,,,,,,
Sweden,2020,50683,,,,,,
Switzerland,2010,65820,,,,,,
Switzerland,2011,66342,,,,,,
Switzerland,2012,66440,,,,,,
Switzerland,2013,66877,,,,,,
Switzerland,2014,67683,,,,,,
Switzerland,2015,68026,,,,,,
Switzerland,2016,68663,,,,,,
Switzerland,2017,69104,,,,,,
Switzerland,2018,70663,,,,,,
Switzerland,2019,70920,,,,,,
Switzerland,2020,68393,,,,,,
Tajikistan,2010,2390,,,,,,
Tajikistan,2011,2510,,,,,,
Tajikistan,2012,2638,,,,,,
Tajikistan,2013,2768,,,,,,
Tajikistan,2014,2884,,,,,,
Tajikistan,2015,2984,,,,,,
Tajikistan,2016,3113,,,,,,
Tajikistan,2017,3253,,,,,,
Tajikistan,2018,3415,,,,,,
Tajikistan,2019,3581,,,,,,
Tajikistan,2020,3658,,,,,,
Tanzania,2010,2007,,,,,,
Tanzania,2011,2098,,,,,,
Tanzania,2012,2129,,,,,,
Tanzania,2013,2206,,,,,,
Tanzania,2014,2285,,,,,,
Tanzania,2015,2354,,,,,,
Tanzania,2016,2442,,,,,,
Tanzania,2017,2531,,,,,,
Tanzania,2018,2590,,,,,,
Tanzania,2019,2660,,,,,,
Tanzania,2020,2635,,,,,,
Thailand,2010,14399,,,,,,
Thailand,2011,14450,,,,,,
Thailand,2012,15425,,,,,,
Thailand,2013,15767,,,,,,
Thailand,2014,15854,,,,,,
Thailand,2015,16285,,,,,,
Thailand,2016,16782,,,,,,
Thailand,2017,17423,,,,,,
Thailand,2018,18096,,,,,,
Thailand,2019,18453,,,,,,
Thailand,2020,17287,,,,,,
Timor,2010,2930,,,,,,
Timor,2011,3045,,,,,,
Timor,2012,3172,,,,,,
Timor,2013,3183,,,,,,
Timor,2014,3265,,,,,,
Timor,2015,3298,,,,,,
Timor,2016,3345,,,,,,
Timor,2017,3145,,,,,,
Timor,2018,3052,,,,,,
Timor,2019,3553,,,,,,
Timor,2020,3181,,,,,,
Togo,2010,1626,,,,,,
Togo,2011,1684,,,,,,
Togo,2012,1747,,,,,,
Togo,2013,1805,,,,,,
Togo,2014,1863,,,,,,
Togo,2015,1920,,,,,,
Togo,2016,1977,,,,,,
Togo,2017,2012,,,,,,
Togo,2018,2061,,,,,,
Togo,2019,2122,,,,,,
Togo,2020,2108,,,,,,
Tonga,2010,5167,,,,,,
Tonga,2011,5542,,,,,,
Tonga,2012,5632,,,,,,
Tonga,2013,5703,,,,,,
Tonga,2014,5861,,,,,,
Tonga,2015,5944,,,,,,
Tonga,2016,6312,,,,,,
Tonga,2017,6467,,,,,,
Tonga,2018,6411,,,,,,
Tonga,2019,6378,,,,,,
Trinidad and Tobago,2010,28879,,,,,,
Trinidad and Tobago,2011,28621,,,,,,
Trinidad and Tobago,2012,28798,,,,,,
Trinidad and Tobago,2013,29247,,,,,,
Trinidad and Tobago,2014,28797,,,,,,
Trinidad and Tobago,2015,29053,,,,,,
Trinidad and Tobago,2016,27282,,,,,,
Trinidad and Tobago,2017,26343,,,,,,
Trinidad and Tobago,2018,26250,,,,,,
Trinidad and Tobago,2019,25828,,,,,,
Trinidad and Tobago,2020,23728,,,,,,
Tunisia,2010,10113,,,,,,
Tunisia,2011,9821,,,,,,
Tunisia,2012,10123,,,,,,
Tunisia,2013,10308,,,,,,
Tunisia,2014,10499,,,,,,
Tunisia,2015,10510,,,,,,
Tunisia,2016,10525,,,,,,
Tunisia,2017,10605,,,,,,
Tunisia,2018,10764,,,,,,
Tunisia,2019,10756,,,,,,
Tunisia,2020,9728,,,,,,
Turkey,2010,20028,,,,,,
Turkey,2011,21932,,,,,,
Turkey,2012,22611,,,,,,
Turkey,2013,24118,,,,,,
Turkey,2014,24882,,,,,,
Turkey,2015,25959,,,,,,
Turkey,2016,26385,,,,,,
Turkey,2017,27914,,,,,,
Turkey,2018,28313,,,,,,
Turkey,2019,28199,,,,,,
Turkey,2020,28385,,,,,,
Turkmenistan,2010,8617,,,,,,
Turkmenistan,2011,9718,,,,,,
Turkmenistan,2012,10604,,,,,,
Turkmenistan,2013,11471,,,,,,
Turkmenistan,2014,12421,,,,,,
Turkmenistan,2015,12994,,,,,,
Turkmenistan,2016,13563,,,,,,
Turkmenistan,2017,14205,,,,,,
Turkmenistan,2018,14845,,,,,,
Turkmenistan,2019,15538,,,,,,
Turks and Caicos Islands,2011,23761,,,,,,
Turks and Caicos Islands,2012,23049,,,,,,
Turks and Caicos Islands,2013,22850,,,,,,
Turks and Caicos Islands,2014,24392,,,,,,
Turks and Caicos Islands,2015,26693,,,,,,
Turks and Caicos Islands,2016,28175,,,,,,
Turks and Caicos Islands,2017,27061,,,,,,
Turks and Caicos Islands,2018,28161,,,,,,
Turks and Caicos Islands,2019,29251,,,,,,
Turks and Caicos Islands,2020,21122,,,,,,
Tuvalu,2010,3282,,,,,,
Tuvalu,2011,3493,,,,,,
Tuvalu,2012,3322,,,,,,
Tuvalu,2013,3441,,,,,,
Tuvalu,2014,3448,,,,,,
Tuvalu,2015,3720,,,,,,
Tuvalu,2016,3788,,,,,,
Tuvalu,2017,3897,,,,,,
Tuvalu,2018,3946,,,,,,
Tuvalu,2019,4275,,,,,,
Tuvalu,2020,4411,,,,,,
Uganda,2010,1861,,,,,,
Uganda,2011,1972,,,,,,
Uganda,2012,1984,,,,,,
Uganda,2013,1990,,,,,,
Uganda,2014,2022,,,,,,
Uganda,2015,2054,,,,,,
Uganda,2016,2075,,,,,,
Uganda,2017,2075,,,,,,
Uganda,2018,2122,,,,,,
Uganda,2019,2187,,,,,,
Uganda,2020,2178,,,,,,
Ukraine,2010,11778,,,,,,
Ukraine,2011,12467,,,,,,
Ukraine,2012,12527,,,,,,
Ukraine,2013,12553,,,,,,
Ukraine,2014,12409,,,,,,
Ukraine,2015,11237,,,,,,
Ukraine,2016,11535,,,,,,
Ukraine,2017,11871,,,,,,
Ukraine,2018,12338,,,,,,
Ukraine,2019,12809,,,,,,
Ukraine,2020,12377,,,,,,
United Arab Emirates,2010,54922,,,,,,
United Arab Emirates,2011,56123,,,,,,
United Arab Emirates,2012,57391,,,,,,
United Arab Emirates,2013,59922,,,,,,
United Arab Emirates,2014,62379,,,,,,
United Arab Emirates,2015,65219,,,,,,
United Arab Emirates,2016,66511,,,,,,
United Arab Emirates,2017,67184,,,,,,
United Arab Emirates,2018,66968,,,,,,
United Arab Emirates,2019,67119,,,,,,
United Kingdom,2010,42089,,,,,,
United Kingdom,2011,42294,,,,,,
United Kingdom,2012,42602,,,,,,
United Kingdom,2013,43243,,,,,,
United Kingdom,2014,44154,,,,,,
United Kingdom,2015,44841,,,,,,
United Kingdom,2016,45269,,,,,,
United Kingdom,2017,45745,,,,,,
United Kingdom,2018,46038,,,,,,
United Kingdom,2019,46406,,,,,,
United Kingdom,2020,41627,,,,,,
United States of America,2010,54316,,,,,,
United States of America,2011,54759,,,,,,
United States of America,2012,55581,,,,,,
United States of America,2013,56214,,,,,,
United States of America,2014,57213,,,,,,
United States of America,2015,58540,,,,,,
United States of America,2016,59112,,,,,,
United States of America,2017,60110,,,,,,
United States of America,2018,61586,,,,,,
United States of America,2019,62631,,,,,,
United States of America,2020,60236,,,,,,
Uruguay,2010,19294,,,,,,
Uruguay,2011,20232,,,,,,
Uruguay,2012,20885,,,,,,
Uruguay,2013,21786,,,,,,
Uruguay,2014,22419,,,,,,
Uruguay,2015,22426,,,,,,
Uruguay,2016,22724,,,,,,
Uruguay,2017,23010,,,,,,
Uruguay,2018,23035,,,,,,
Uruguay,2019,23033,,,,,,
Uruguay,2020,21608,,,,,,
Uzbekistan,2010,4652,,,,,,
Uzbekistan,2011,4881,,,,,,
Uzbekistan,2012,5164,,,,,,
Uzbekistan,2013,5470,,,,,,
Uzbekistan,2014,5764,,,,,,
Uzbekistan,2015,6087,,,,,,
Uzbekistan,2016,6346,,,,,,
Uzbekistan,2017,6519,,,,,,
Uzbekistan,2018,6755,,,,,,
Uzbekistan,2019,7014,,,,,,
Uzbekistan,2020,6994,,,,,,
Vanuatu,2010,3089,,,,,,
Vanuatu,2011,3101,,,,,,
Vanuatu,2012,3047,,,,,,
Vanuatu,2013,2976,,,,,,
Vanuatu,2014,2985,,,,,,
Vanuatu,2015,2916,,,,,,
Vanuatu,2016,2973,,,,,,
Vanuatu,2017,3082,,,,,,
Vanuatu,2018,3093,,,,,,
Vanuatu,2019,3118,,,,,,
Vanuatu,2020,2763,,,,,,
Vietnam,2010,5089,,,,,,
Vietnam,2011,5352,,,,,,
Vietnam,2012,5574,,,,,,
Vietnam,2013,5815,,,,,,
Vietnam,2014,6099,,,,,,
Vietnam,2015,6438,,,,,,
Vietnam,2016,6768,,,,,,
Vietnam,2017,7155,,,,,,
Vietnam,2018,7586,,,,,,
Vietnam,2019,8041,,,,,,
Vietnam,2020,8200,,,,,,
Zambia,2010,3126,,,,,,
Zambia,2011,3201,,,,,,
Zambia,2012,3339,,,,,,
Zambia,2013,3400,,,,,,
Zambia,2014,3450,,,,,,
Zambia,2015,3444,,,,,,
Zambia,2016,3468,,,,,,
Zambia,2017,3485,,,,,,
Zambia,2018,3522,,,,,,
Zambia,2019,3470,,,,,,
Zambia,2020,3270,,,,,,
Zimbabwe,2010,2458,,,,,,
Zimbabwe,2011,2764,,,,,,
Zimbabwe,2012,3171,,,,,,
Zimbabwe,2013,3177,,,,,,
Zimbabwe,2014,3196,,,,,,
Zimbabwe,2015,3199,,,,,,
Zimbabwe,2016,3174,,,,,,
Zimbabwe,2017,3275,,,,,,
Zimbabwe,2018,3342,,,,,,
Zimbabwe,2019,3028,,,,,,
Zimbabwe,2020,2745,,,,,,